<?xml version="1.0" encoding="UTF-8"?>


<!-- 
David Vega
Southern New Hampshire University
CS-305 Software Security 
6-1 Coding Assignment: Modifying Vulnerability Reporting
Dr. Lyon
02-12-2023
-->

<!--
**SUMMARY**
This file contains all of the identified vulnerabilities and supresses them from the dependency check report.
The prompt tells us that there is no fix to implement at this time, so ALL vulnerabilities have been suppressed. 
-->

<suppressions xmlns="https://jeremylong.github.io/DependencyCheck/dependency-suppression.1.3.xsd">
   <!--bcprov-jdk15on-1.46.jar-->
   <suppress>
      <notes><![CDATA[
      file name: bcprov-jdk15on-1.46.jar
      ]]></notes>
      <packageUrl regex="true">^pkg:maven/org\.bouncycastle/bcprov\-jdk15on@.*$</packageUrl>
      <cpe>cpe:/a:bouncycastle:bouncy-castle-crypto-package</cpe>
   </suppress>
   <suppress>
   <notes><![CDATA[
   file name: bcprov-jdk15on-1.46.jar
   ]]></notes>
   <packageUrl regex="true">^pkg:maven/org\.bouncycastle/bcprov\-jdk15on@.*$</packageUrl>
   <cpe>cpe:/a:bouncycastle:bouncy_castle_crypto_package</cpe>
</suppress>
<suppress>
   <notes><![CDATA[
   file name: bcprov-jdk15on-1.46.jar
   ]]></notes>
   <packageUrl regex="true">^pkg:maven/org\.bouncycastle/bcprov\-jdk15on@.*$</packageUrl>
   <cpe>cpe:/a:bouncycastle:legion-of-the-bouncy-castle-java-crytography-api</cpe>
</suppress>
<suppress>
   <notes><![CDATA[
   file name: bcprov-jdk15on-1.46.jar
   ]]></notes>
   <packageUrl regex="true">^pkg:maven/org\.bouncycastle/bcprov\-jdk15on@.*$</packageUrl>
   <cpe>cpe:/a:bouncycastle:the_bouncy_castle_crypto_package_for_java</cpe>
</suppress>
<suppress>
   <notes><![CDATA[
   file name: bcprov-jdk15on-1.46.jar
   ]]></notes>
   <packageUrl regex="true">^pkg:maven/org\.bouncycastle/bcprov\-jdk15on@.*$</packageUrl>
   <cve>CVE-2016-1000338</cve>
</suppress>
<suppress>
   <notes><![CDATA[
   file name: bcprov-jdk15on-1.46.jar
   ]]></notes>
   <packageUrl regex="true">^pkg:maven/org\.bouncycastle/bcprov\-jdk15on@.*$</packageUrl>
   <cve>CVE-2016-1000342</cve>
</suppress>
<suppress>
   <notes><![CDATA[
   file name: bcprov-jdk15on-1.46.jar
   ]]></notes>
   <packageUrl regex="true">^pkg:maven/org\.bouncycastle/bcprov\-jdk15on@.*$</packageUrl>
   <cve>CVE-2016-1000343</cve>
</suppress>
<suppress>
   <notes><![CDATA[
   file name: bcprov-jdk15on-1.46.jar
   ]]></notes>
   <packageUrl regex="true">^pkg:maven/org\.bouncycastle/bcprov\-jdk15on@.*$</packageUrl>
   <cve>CVE-2016-1000344</cve>
</suppress>
<suppress>
   <notes><![CDATA[
   file name: bcprov-jdk15on-1.46.jar
   ]]></notes>
   <packageUrl regex="true">^pkg:maven/org\.bouncycastle/bcprov\-jdk15on@.*$</packageUrl>
   <cve>CVE-2016-1000352</cve>
</suppress>
<suppress>
   <notes><![CDATA[
   file name: bcprov-jdk15on-1.46.jar
   ]]></notes>
   <packageUrl regex="true">^pkg:maven/org\.bouncycastle/bcprov\-jdk15on@.*$</packageUrl>
   <cve>CVE-2016-1000341</cve>
</suppress>
<suppress>
   <notes><![CDATA[
   file name: bcprov-jdk15on-1.46.jar
   ]]></notes>
   <packageUrl regex="true">^pkg:maven/org\.bouncycastle/bcprov\-jdk15on@.*$</packageUrl>
   <cve>CVE-2016-1000345</cve>
</suppress>
<suppress>
   <notes><![CDATA[
   file name: bcprov-jdk15on-1.46.jar
   ]]></notes>
   <packageUrl regex="true">^pkg:maven/org\.bouncycastle/bcprov\-jdk15on@.*$</packageUrl>
   <cve>CVE-2017-13098</cve>
</suppress>
<suppress>
   <notes><![CDATA[
   file name: bcprov-jdk15on-1.46.jar
   ]]></notes>
   <packageUrl regex="true">^pkg:maven/org\.bouncycastle/bcprov\-jdk15on@.*$</packageUrl>
   <cve>CVE-2020-15522</cve>
</suppress>
<suppress>
   <notes><![CDATA[
   file name: bcprov-jdk15on-1.46.jar
   ]]></notes>
   <packageUrl regex="true">^pkg:maven/org\.bouncycastle/bcprov\-jdk15on@.*$</packageUrl>
   <vulnerabilityName>CVE-2020-0187</vulnerabilityName>
</suppress>
<suppress>
   <notes><![CDATA[
   file name: bcprov-jdk15on-1.46.jar
   ]]></notes>
   <packageUrl regex="true">^pkg:maven/org\.bouncycastle/bcprov\-jdk15on@.*$</packageUrl>
   <cve>CVE-2016-1000339</cve>
</suppress>
<suppress>
   <notes><![CDATA[
   file name: bcprov-jdk15on-1.46.jar
   ]]></notes>
   <packageUrl regex="true">^pkg:maven/org\.bouncycastle/bcprov\-jdk15on@.*$</packageUrl>
   <vulnerabilityName>CVE-2020-26939</vulnerabilityName>
</suppress>
<suppress>
   <notes><![CDATA[
   file name: bcprov-jdk15on-1.46.jar
   ]]></notes>
   <packageUrl regex="true">^pkg:maven/org\.bouncycastle/bcprov\-jdk15on@.*$</packageUrl>
   <cve>CVE-2015-7940</cve>
</suppress>
<suppress>
   <notes><![CDATA[
   file name: bcprov-jdk15on-1.46.jar
   ]]></notes>
   <packageUrl regex="true">^pkg:maven/org\.bouncycastle/bcprov\-jdk15on@.*$</packageUrl>
   <cve>CVE-2018-5382</cve>
</suppress>
<suppress>
   <notes><![CDATA[
   file name: bcprov-jdk15on-1.46.jar
   ]]></notes>
   <packageUrl regex="true">^pkg:maven/org\.bouncycastle/bcprov\-jdk15on@.*$</packageUrl>
   <cve>CVE-2013-1624</cve>
</suppress>
<suppress>
   <notes><![CDATA[
   file name: bcprov-jdk15on-1.46.jar
   ]]></notes>
   <packageUrl regex="true">^pkg:maven/org\.bouncycastle/bcprov\-jdk15on@.*$</packageUrl>
   <cve>CVE-2016-1000346</cve>
</suppress>
<suppress>
   <notes><![CDATA[
   file name: bcprov-jdk15on-1.46.jar
   ]]></notes>
   <packageUrl regex="true">^pkg:maven/org\.bouncycastle/bcprov\-jdk15on@.*$</packageUrl>
   <vulnerabilityName>CVE-2015-6644</vulnerabilityName>
</suppress>

<!--gson-2.8.6.jar-->
<suppress>
   <notes><![CDATA[
   file name: gson-2.8.6.jar
   ]]></notes>
   <packageUrl regex="true">^pkg:maven/com\.google\.code\.gson/gson@.*$</packageUrl>
   <cpe>cpe:/a:google:gson</cpe>
</suppress>
<suppress>
   <notes><![CDATA[
   file name: gson-2.8.6.jar
   ]]></notes>
   <packageUrl regex="true">^pkg:maven/com\.google\.code\.gson/gson@.*$</packageUrl>
   <cve>CVE-2022-25647</cve>
</suppress>

<!--h2-1.4.200.jar-->
<suppress>
   <notes><![CDATA[
   file name: h2-1.4.200.jar
   ]]></notes>
   <packageUrl regex="true">^pkg:maven/com\.h2database/h2@.*$</packageUrl>
   <cpe>cpe:/a:h2database:h2</cpe>
</suppress>
<suppress>
   <notes><![CDATA[
   file name: h2-1.4.200.jar
   ]]></notes>
   <packageUrl regex="true">^pkg:maven/com\.h2database/h2@.*$</packageUrl>
   <cve>CVE-2021-42392</cve>
</suppress>
<suppress>
   <notes><![CDATA[
   file name: h2-1.4.200.jar
   ]]></notes>
   <packageUrl regex="true">^pkg:maven/com\.h2database/h2@.*$</packageUrl>
   <cve>CVE-2022-23221</cve>
</suppress>
<suppress>
   <notes><![CDATA[
   file name: h2-1.4.200.jar
   ]]></notes>
   <packageUrl regex="true">^pkg:maven/com\.h2database/h2@.*$</packageUrl>
   <cve>CVE-2021-23463</cve>
</suppress>
<suppress>
   <notes><![CDATA[
   file name: h2-1.4.200.jar
   ]]></notes>
   <packageUrl regex="true">^pkg:maven/com\.h2database/h2@.*$</packageUrl>
   <cve>CVE-2022-45868</cve>
</suppress>

<!--hibernate-validator-6.0.18.Final.jar-->
<suppress>
   <notes><![CDATA[
   file name: hibernate-validator-6.0.18.Final.jar
   ]]></notes>
   <packageUrl regex="true">^pkg:maven/org\.hibernate\.validator/hibernate\-validator@.*$</packageUrl>
   <cpe>cpe:/a:redhat:hibernate_validator</cpe>
</suppress>
<suppress>
   <notes><![CDATA[
   file name: hibernate-validator-6.0.18.Final.jar
   ]]></notes>
   <packageUrl regex="true">^pkg:maven/org\.hibernate\.validator/hibernate\-validator@.*$</packageUrl>
   <cve>CVE-2020-10693</cve>
</suppress>

<!--jackson-databind-2.10.2.jar-->
<suppress>
   <notes><![CDATA[
   file name: jackson-databind-2.10.2.jar
   ]]></notes>
   <packageUrl regex="true">^pkg:maven/com\.fasterxml\.jackson\.core/jackson\-databind@.*$</packageUrl>
   <cpe>cpe:/a:fasterxml:jackson-databind</cpe>
</suppress>
<suppress>
   <notes><![CDATA[
   file name: jackson-databind-2.10.2.jar
   ]]></notes>
   <packageUrl regex="true">^pkg:maven/com\.fasterxml\.jackson\.core/jackson\-databind@.*$</packageUrl>
   <cpe>cpe:/a:fasterxml:jackson-modules-java8</cpe>
</suppress>
<suppress>
   <notes><![CDATA[
   file name: jackson-databind-2.10.2.jar
   ]]></notes>
   <packageUrl regex="true">^pkg:maven/com\.fasterxml\.jackson\.core/jackson\-databind@.*$</packageUrl>
   <cve>CVE-2020-25649</cve>
</suppress>
<suppress>
   <notes><![CDATA[
   file name: jackson-databind-2.10.2.jar
   ]]></notes>
   <packageUrl regex="true">^pkg:maven/com\.fasterxml\.jackson\.core/jackson\-databind@.*$</packageUrl>
   <cve>CVE-2020-36518</cve>
</suppress>
<suppress>
   <notes><![CDATA[
   file name: jackson-databind-2.10.2.jar
   ]]></notes>
   <packageUrl regex="true">^pkg:maven/com\.fasterxml\.jackson\.core/jackson\-databind@.*$</packageUrl>
   <cve>CVE-2022-42003</cve>
</suppress>
<suppress>
   <notes><![CDATA[
   file name: jackson-databind-2.10.2.jar
   ]]></notes>
   <packageUrl regex="true">^pkg:maven/com\.fasterxml\.jackson\.core/jackson\-databind@.*$</packageUrl>
   <cve>CVE-2022-42004</cve>
</suppress>

<!--log4j-api-2.12.1.jar-->
<suppress>
   <notes><![CDATA[
   file name: log4j-api-2.12.1.jar
   ]]></notes>
   <packageUrl regex="true">^pkg:maven/org\.apache\.logging\.log4j/log4j\-api@.*$</packageUrl>
   <cpe>cpe:/a:apache:log4j</cpe>
</suppress>
<suppress>
   <notes><![CDATA[
   file name: log4j-api-2.12.1.jar
   ]]></notes>
   <packageUrl regex="true">^pkg:maven/org\.apache\.logging\.log4j/log4j\-api@.*$</packageUrl>
   <cve>CVE-2020-9488</cve>
</suppress>

<!--logback-classic-1.2.3.jar-->
<suppress>
   <notes><![CDATA[
   file name: logback-classic-1.2.3.jar
   ]]></notes>
   <packageUrl regex="true">^pkg:maven/ch\.qos\.logback/logback\-classic@.*$</packageUrl>
   <cpe>cpe:/a:qos:logback</cpe>
</suppress>
<suppress>
   <notes><![CDATA[
   file name: logback-classic-1.2.3.jar
   ]]></notes>
   <packageUrl regex="true">^pkg:maven/ch\.qos\.logback/logback\-classic@.*$</packageUrl>
   <cve>CVE-2021-42550</cve>
</suppress>


<!--logback-core-1.2.3.jar-->
<suppress>
   <notes><![CDATA[
   file name: logback-core-1.2.3.jar
   ]]></notes>
   <packageUrl regex="true">^pkg:maven/ch\.qos\.logback/logback\-core@.*$</packageUrl>
   <cpe>cpe:/a:qos:logback</cpe>
</suppress>
<suppress>
   <notes><![CDATA[
   file name: logback-core-1.2.3.jar
   ]]></notes>
   <packageUrl regex="true">^pkg:maven/ch\.qos\.logback/logback\-core@.*$</packageUrl>
   <cve>CVE-2021-42550</cve>
</suppress>

<!--maven-core-3.0.jar-->
<suppress>
   <notes><![CDATA[
   file name: maven-core-3.0.jar
   ]]></notes>
   <packageUrl regex="true">^pkg:maven/org\.apache\.maven/maven\-core@.*$</packageUrl>
   <cpe>cpe:/a:apache:maven</cpe>
</suppress>
<suppress>
   <notes><![CDATA[
   file name: maven-core-3.0.jar
   ]]></notes>
   <packageUrl regex="true">^pkg:maven/org\.apache\.maven/maven\-core@.*$</packageUrl>
   <cve>CVE-2021-26291</cve>
</suppress>

<!--maven-settings-3.0.jar-->
<suppress>
   <notes><![CDATA[
   file name: maven-settings-3.0.jar
   ]]></notes>
   <packageUrl regex="true">^pkg:maven/org\.apache\.maven/maven\-settings@.*$</packageUrl>
   <vulnerabilityName>CVE-2021-26291</vulnerabilityName>
</suppress>

<!--maven-shared-utils-3.1.0.jar-->
<suppress>
   <notes><![CDATA[
   file name: maven-shared-utils-3.1.0.jar
   ]]></notes>
   <packageUrl regex="true">^pkg:maven/org\.apache\.maven\.shared/maven\-shared\-utils@.*$</packageUrl>
   <cpe>cpe:/a:apache:maven_shared_utils</cpe>
</suppress>
<suppress>
   <notes><![CDATA[
   file name: maven-shared-utils-3.1.0.jar
   ]]></notes>
   <packageUrl regex="true">^pkg:maven/org\.apache\.maven\.shared/maven\-shared\-utils@.*$</packageUrl>
   <cpe>cpe:/a:utils_project:utils</cpe>
</suppress>
<suppress>
   <notes><![CDATA[
   file name: maven-shared-utils-3.1.0.jar
   ]]></notes>
   <packageUrl regex="true">^pkg:maven/org\.apache\.maven\.shared/maven\-shared\-utils@.*$</packageUrl>
   <cve>CVE-2022-29599</cve>
</suppress>

<!--snakeyaml-1.25.jar-->
<suppress>
   <notes><![CDATA[
   file name: snakeyaml-1.25.jar
   ]]></notes>
   <packageUrl regex="true">^pkg:maven/org\.yaml/snakeyaml@.*$</packageUrl>
   <cpe>cpe:/a:snakeyaml_project:snakeyaml</cpe>
</suppress>
<suppress>
   <notes><![CDATA[
   file name: snakeyaml-1.25.jar
   ]]></notes>
   <packageUrl regex="true">^pkg:maven/org\.yaml/snakeyaml@.*$</packageUrl>
   <vulnerabilityName>CVE-2022-1471</vulnerabilityName>
</suppress>
<suppress>
   <notes><![CDATA[
   file name: snakeyaml-1.25.jar
   ]]></notes>
   <packageUrl regex="true">^pkg:maven/org\.yaml/snakeyaml@.*$</packageUrl>
   <cve>CVE-2017-18640</cve>
</suppress>
<suppress>
   <notes><![CDATA[
   file name: snakeyaml-1.25.jar
   ]]></notes>
   <packageUrl regex="true">^pkg:maven/org\.yaml/snakeyaml@.*$</packageUrl>
   <cve>CVE-2022-25857</cve>
</suppress>
<suppress>
   <notes><![CDATA[
   file name: snakeyaml-1.25.jar
   ]]></notes>
   <packageUrl regex="true">^pkg:maven/org\.yaml/snakeyaml@.*$</packageUrl>
   <cve>CVE-2022-38749</cve>
</suppress>
<suppress>
   <notes><![CDATA[
   file name: snakeyaml-1.25.jar
   ]]></notes>
   <packageUrl regex="true">^pkg:maven/org\.yaml/snakeyaml@.*$</packageUrl>
   <cve>CVE-2022-38751</cve>
</suppress>
<suppress>
   <notes><![CDATA[
   file name: snakeyaml-1.25.jar
   ]]></notes>
   <packageUrl regex="true">^pkg:maven/org\.yaml/snakeyaml@.*$</packageUrl>
   <cve>CVE-2022-38752</cve>
</suppress>
<suppress>
   <notes><![CDATA[
   file name: snakeyaml-1.25.jar
   ]]></notes>
   <packageUrl regex="true">^pkg:maven/org\.yaml/snakeyaml@.*$</packageUrl>
   <cve>CVE-2022-41854</cve>
</suppress>
<suppress>
   <notes><![CDATA[
   file name: snakeyaml-1.25.jar
   ]]></notes>
   <packageUrl regex="true">^pkg:maven/org\.yaml/snakeyaml@.*$</packageUrl>
   <cve>CVE-2022-38750</cve>
</suppress>

<!--spring-aop-5.2.3.RELEASE.jar-->
<suppress>
   <notes><![CDATA[
   file name: spring-aop-5.2.3.RELEASE.jar
   ]]></notes>
   <packageUrl regex="true">^pkg:maven/org\.springframework/spring\-aop@.*$</packageUrl>
   <cpe>cpe:/a:pivotal_software:spring_framework</cpe>
</suppress>
<suppress>
   <notes><![CDATA[
   file name: spring-aop-5.2.3.RELEASE.jar
   ]]></notes>
   <packageUrl regex="true">^pkg:maven/org\.springframework/spring\-aop@.*$</packageUrl>
   <cpe>cpe:/a:springsource:spring_framework</cpe>
</suppress>
<suppress>
   <notes><![CDATA[
   file name: spring-aop-5.2.3.RELEASE.jar
   ]]></notes>
   <packageUrl regex="true">^pkg:maven/org\.springframework/spring\-aop@.*$</packageUrl>
   <cpe>cpe:/a:vmware:spring_framework</cpe>
</suppress>
<suppress>
   <notes><![CDATA[
   file name: spring-aop-5.2.3.RELEASE.jar
   ]]></notes>
   <packageUrl regex="true">^pkg:maven/org\.springframework/spring\-aop@.*$</packageUrl>
   <cve>CVE-2022-22965</cve>
</suppress>
<suppress>
   <notes><![CDATA[
   file name: spring-aop-5.2.3.RELEASE.jar
   ]]></notes>
   <packageUrl regex="true">^pkg:maven/org\.springframework/spring\-aop@.*$</packageUrl>
   <cve>CVE-2021-22118</cve>
</suppress>
<suppress>
   <notes><![CDATA[
   file name: spring-aop-5.2.3.RELEASE.jar
   ]]></notes>
   <packageUrl regex="true">^pkg:maven/org\.springframework/spring\-aop@.*$</packageUrl>
   <cve>CVE-2020-5421</cve>
</suppress>
<suppress>
   <notes><![CDATA[
   file name: spring-aop-5.2.3.RELEASE.jar
   ]]></notes>
   <packageUrl regex="true">^pkg:maven/org\.springframework/spring\-aop@.*$</packageUrl>
   <cve>CVE-2022-22950</cve>
</suppress>
<suppress>
   <notes><![CDATA[
   file name: spring-aop-5.2.3.RELEASE.jar
   ]]></notes>
   <packageUrl regex="true">^pkg:maven/org\.springframework/spring\-aop@.*$</packageUrl>
   <cve>CVE-2022-22971</cve>
</suppress>
<suppress>
   <notes><![CDATA[
   file name: spring-aop-5.2.3.RELEASE.jar
   ]]></notes>
   <packageUrl regex="true">^pkg:maven/org\.springframework/spring\-aop@.*$</packageUrl>
   <cve>CVE-2022-22968</cve>
</suppress>
<suppress>
   <notes><![CDATA[
   file name: spring-aop-5.2.3.RELEASE.jar
   ]]></notes>
   <packageUrl regex="true">^pkg:maven/org\.springframework/spring\-aop@.*$</packageUrl>
   <cve>CVE-2022-22970</cve>
</suppress>
<suppress>
   <notes><![CDATA[
   file name: spring-aop-5.2.3.RELEASE.jar
   ]]></notes>
   <packageUrl regex="true">^pkg:maven/org\.springframework/spring\-aop@.*$</packageUrl>
   <cve>CVE-2021-22060</cve>
</suppress>
<suppress>
   <notes><![CDATA[
   file name: spring-aop-5.2.3.RELEASE.jar
   ]]></notes>
   <packageUrl regex="true">^pkg:maven/org\.springframework/spring\-aop@.*$</packageUrl>
   <cve>CVE-2021-22096</cve>
</suppress>

<!--spring-boot-starter-json-2.2.4.RELEASE.jar-->
<suppress>
   <notes><![CDATA[
   file name: spring-boot-starter-json-2.2.4.RELEASE.jar
   ]]></notes>
   <packageUrl regex="true">^pkg:maven/org\.springframework\.boot/spring\-boot\-starter\-json@.*$</packageUrl>
   <cpe>cpe:/a:vmware:spring_boot</cpe>
</suppress>
<suppress>
   <notes><![CDATA[
   file name: spring-boot-starter-json-2.2.4.RELEASE.jar
   ]]></notes>
   <packageUrl regex="true">^pkg:maven/org\.springframework\.boot/spring\-boot\-starter\-json@.*$</packageUrl>
   <cve>CVE-2022-27772</cve>
</suppress>

<!--spring-boot-starter-2.2.4.RELEASE.jar-->
<suppress>
   <notes><![CDATA[
   file name: spring-boot-starter-2.2.4.RELEASE.jar
   ]]></notes>
   <packageUrl regex="true">^pkg:maven/org\.springframework\.boot/spring\-boot\-starter@.*$</packageUrl>
   <cpe>cpe:/a:vmware:spring_boot</cpe>
</suppress>
<suppress>
   <notes><![CDATA[
   file name: spring-boot-starter-2.2.4.RELEASE.jar
   ]]></notes>
   <packageUrl regex="true">^pkg:maven/org\.springframework\.boot/spring\-boot\-starter@.*$</packageUrl>
   <cve>CVE-2022-27772</cve>
</suppress>

<!--spring-boot-2.2.4.RELEASE.jar-->
<suppress>
   <notes><![CDATA[
   file name: spring-boot-2.2.4.RELEASE.jar
   ]]></notes>
   <packageUrl regex="true">^pkg:maven/org\.springframework\.boot/spring\-boot@.*$</packageUrl>
   <cpe>cpe:/a:vmware:spring_boot</cpe>
</suppress>
<suppress>
   <notes><![CDATA[
   file name: spring-boot-2.2.4.RELEASE.jar
   ]]></notes>
   <packageUrl regex="true">^pkg:maven/org\.springframework\.boot/spring\-boot@.*$</packageUrl>
   <cve>CVE-2022-27772</cve>
</suppress>

<!--spring-boot-starter-web-2.2.4.RELEASE.jar-->
<suppress>
   <notes><![CDATA[
   file name: spring-boot-starter-web-2.2.4.RELEASE.jar
   ]]></notes>
   <packageUrl regex="true">^pkg:maven/org\.springframework\.boot/spring\-boot\-starter\-web@.*$</packageUrl>
   <cpe>cpe:/a:vmware:spring_boot</cpe>
</suppress>
<suppress>
   <notes><![CDATA[
   file name: spring-boot-starter-web-2.2.4.RELEASE.jar
   ]]></notes>
   <packageUrl regex="true">^pkg:maven/org\.springframework\.boot/spring\-boot\-starter\-web@.*$</packageUrl>
   <cpe>cpe:/a:web_project:web</cpe>
</suppress>
<suppress>
   <notes><![CDATA[
   file name: spring-boot-starter-web-2.2.4.RELEASE.jar
   ]]></notes>
   <packageUrl regex="true">^pkg:maven/org\.springframework\.boot/spring\-boot\-starter\-web@.*$</packageUrl>
   <cve>CVE-2022-27772</cve>
</suppress>

<!--spring-core-5.2.3.RELEASE.jar-->
<suppress>
   <notes><![CDATA[
   file name: spring-core-5.2.3.RELEASE.jar
   ]]></notes>
   <packageUrl regex="true">^pkg:maven/org\.springframework/spring\-core@.*$</packageUrl>
   <cpe>cpe:/a:pivotal_software:spring_framework</cpe>
</suppress>
<suppress>
   <notes><![CDATA[
   file name: spring-core-5.2.3.RELEASE.jar
   ]]></notes>
   <packageUrl regex="true">^pkg:maven/org\.springframework/spring\-core@.*$</packageUrl>
   <cpe>cpe:/a:springsource:spring_framework</cpe>
</suppress>
<suppress>
   <notes><![CDATA[
   file name: spring-core-5.2.3.RELEASE.jar
   ]]></notes>
   <packageUrl regex="true">^pkg:maven/org\.springframework/spring\-core@.*$</packageUrl>
   <cpe>cpe:/a:vmware:spring_framework</cpe>
</suppress>
<suppress>
   <notes><![CDATA[
   file name: spring-core-5.2.3.RELEASE.jar
   ]]></notes>
   <packageUrl regex="true">^pkg:maven/org\.springframework/spring\-core@.*$</packageUrl>
   <cve>CVE-2022-22965</cve>
</suppress>
<suppress>
   <notes><![CDATA[
   file name: spring-core-5.2.3.RELEASE.jar
   ]]></notes>
   <packageUrl regex="true">^pkg:maven/org\.springframework/spring\-core@.*$</packageUrl>
   <cve>CVE-2021-22118</cve>
</suppress>
<suppress>
   <notes><![CDATA[
   file name: spring-core-5.2.3.RELEASE.jar
   ]]></notes>
   <packageUrl regex="true">^pkg:maven/org\.springframework/spring\-core@.*$</packageUrl>
   <cve>CVE-2020-5421</cve>
</suppress>
<suppress>
   <notes><![CDATA[
   file name: spring-core-5.2.3.RELEASE.jar
   ]]></notes>
   <packageUrl regex="true">^pkg:maven/org\.springframework/spring\-core@.*$</packageUrl>
   <cve>CVE-2022-22950</cve>
</suppress>
<suppress>
   <notes><![CDATA[
   file name: spring-core-5.2.3.RELEASE.jar
   ]]></notes>
   <packageUrl regex="true">^pkg:maven/org\.springframework/spring\-core@.*$</packageUrl>
   <cve>CVE-2022-22971</cve>
</suppress>
<suppress>
   <notes><![CDATA[
   file name: spring-core-5.2.3.RELEASE.jar
   ]]></notes>
   <packageUrl regex="true">^pkg:maven/org\.springframework/spring\-core@.*$</packageUrl>
   <cve>CVE-2022-22968</cve>
</suppress>
<suppress>
   <notes><![CDATA[
   file name: spring-core-5.2.3.RELEASE.jar
   ]]></notes>
   <packageUrl regex="true">^pkg:maven/org\.springframework/spring\-core@.*$</packageUrl>
   <cve>CVE-2022-22970</cve>
</suppress>
<suppress>
   <notes><![CDATA[
   file name: spring-core-5.2.3.RELEASE.jar
   ]]></notes>
   <packageUrl regex="true">^pkg:maven/org\.springframework/spring\-core@.*$</packageUrl>
   <cve>CVE-2021-22060</cve>
</suppress>
<suppress>
   <notes><![CDATA[
   file name: spring-core-5.2.3.RELEASE.jar
   ]]></notes>
   <packageUrl regex="true">^pkg:maven/org\.springframework/spring\-core@.*$</packageUrl>
   <cve>CVE-2021-22096</cve>
</suppress>

<!--spring-jcl-5.2.3.RELEASE.jar-->
<suppress>
   <notes><![CDATA[
   file name: spring-jcl-5.2.3.RELEASE.jar
   ]]></notes>
   <packageUrl regex="true">^pkg:maven/org\.springframework/spring\-jcl@.*$</packageUrl>
   <cpe>cpe:/a:pivotal_software:spring_framework</cpe>
</suppress>
<suppress>
   <notes><![CDATA[
   file name: spring-jcl-5.2.3.RELEASE.jar
   ]]></notes>
   <packageUrl regex="true">^pkg:maven/org\.springframework/spring\-jcl@.*$</packageUrl>
   <cpe>cpe:/a:springsource:spring_framework</cpe>
</suppress>
<suppress>
   <notes><![CDATA[
   file name: spring-jcl-5.2.3.RELEASE.jar
   ]]></notes>
   <packageUrl regex="true">^pkg:maven/org\.springframework/spring\-jcl@.*$</packageUrl>
   <cpe>cpe:/a:vmware:spring_framework</cpe>
</suppress>
<suppress>
   <notes><![CDATA[
   file name: spring-jcl-5.2.3.RELEASE.jar
   ]]></notes>
   <packageUrl regex="true">^pkg:maven/org\.springframework/spring\-jcl@.*$</packageUrl>
   <cve>CVE-2022-22965</cve>
</suppress>
<suppress>
   <notes><![CDATA[
   file name: spring-jcl-5.2.3.RELEASE.jar
   ]]></notes>
   <packageUrl regex="true">^pkg:maven/org\.springframework/spring\-jcl@.*$</packageUrl>
   <cve>CVE-2021-22118</cve>
</suppress>
<suppress>
   <notes><![CDATA[
   file name: spring-jcl-5.2.3.RELEASE.jar
   ]]></notes>
   <packageUrl regex="true">^pkg:maven/org\.springframework/spring\-jcl@.*$</packageUrl>
   <cve>CVE-2020-5421</cve>
</suppress>
<suppress>
   <notes><![CDATA[
   file name: spring-jcl-5.2.3.RELEASE.jar
   ]]></notes>
   <packageUrl regex="true">^pkg:maven/org\.springframework/spring\-jcl@.*$</packageUrl>
   <cve>CVE-2022-22950</cve>
</suppress>
<suppress>
   <notes><![CDATA[
   file name: spring-jcl-5.2.3.RELEASE.jar
   ]]></notes>
   <packageUrl regex="true">^pkg:maven/org\.springframework/spring\-jcl@.*$</packageUrl>
   <cve>CVE-2022-22971</cve>
</suppress>
<suppress>
   <notes><![CDATA[
   file name: spring-jcl-5.2.3.RELEASE.jar
   ]]></notes>
   <packageUrl regex="true">^pkg:maven/org\.springframework/spring\-jcl@.*$</packageUrl>
   <cve>CVE-2022-22968</cve>
</suppress>
<suppress>
   <notes><![CDATA[
   file name: spring-jcl-5.2.3.RELEASE.jar
   ]]></notes>
   <packageUrl regex="true">^pkg:maven/org\.springframework/spring\-jcl@.*$</packageUrl>
   <cve>CVE-2022-22970</cve>
</suppress>
<suppress>
   <notes><![CDATA[
   file name: spring-jcl-5.2.3.RELEASE.jar
   ]]></notes>
   <packageUrl regex="true">^pkg:maven/org\.springframework/spring\-jcl@.*$</packageUrl>
   <cve>CVE-2021-22060</cve>
</suppress>
<suppress>
   <notes><![CDATA[
   file name: spring-jcl-5.2.3.RELEASE.jar
   ]]></notes>
   <packageUrl regex="true">^pkg:maven/org\.springframework/spring\-jcl@.*$</packageUrl>
   <cve>CVE-2021-22096</cve>
</suppress>

<!--spring-web-5.2.3.RELEASE.jar-->
<suppress>
   <notes><![CDATA[
   file name: spring-web-5.2.3.RELEASE.jar
   ]]></notes>
   <packageUrl regex="true">^pkg:maven/org\.springframework/spring\-web@.*$</packageUrl>
   <cpe>cpe:/a:pivotal_software:spring_framework</cpe>
</suppress>
<suppress>
   <notes><![CDATA[
   file name: spring-web-5.2.3.RELEASE.jar
   ]]></notes>
   <packageUrl regex="true">^pkg:maven/org\.springframework/spring\-web@.*$</packageUrl>
   <cpe>cpe:/a:springsource:spring_framework</cpe>
</suppress>
<suppress>
   <notes><![CDATA[
   file name: spring-web-5.2.3.RELEASE.jar
   ]]></notes>
   <packageUrl regex="true">^pkg:maven/org\.springframework/spring\-web@.*$</packageUrl>
   <cpe>cpe:/a:vmware:spring_framework</cpe>
</suppress>
<suppress>
   <notes><![CDATA[
   file name: spring-web-5.2.3.RELEASE.jar
   ]]></notes>
   <packageUrl regex="true">^pkg:maven/org\.springframework/spring\-web@.*$</packageUrl>
   <cpe>cpe:/a:web_project:web</cpe>
</suppress>
<suppress>
   <notes><![CDATA[
   file name: spring-web-5.2.3.RELEASE.jar
   ]]></notes>
   <packageUrl regex="true">^pkg:maven/org\.springframework/spring\-web@.*$</packageUrl>
   <cve>CVE-2016-1000027</cve>
</suppress>
<suppress>
   <notes><![CDATA[
   file name: spring-web-5.2.3.RELEASE.jar
   ]]></notes>
   <packageUrl regex="true">^pkg:maven/org\.springframework/spring\-web@.*$</packageUrl>
   <cve>CVE-2022-22965</cve>
</suppress>
<suppress>
   <notes><![CDATA[
   file name: spring-web-5.2.3.RELEASE.jar
   ]]></notes>
   <packageUrl regex="true">^pkg:maven/org\.springframework/spring\-web@.*$</packageUrl>
   <cve>CVE-2021-22118</cve>
</suppress>
<suppress>
   <notes><![CDATA[
   file name: spring-web-5.2.3.RELEASE.jar
   ]]></notes>
   <packageUrl regex="true">^pkg:maven/org\.springframework/spring\-web@.*$</packageUrl>
   <cve>CVE-2020-5421</cve>
</suppress>
<suppress>
   <notes><![CDATA[
   file name: spring-web-5.2.3.RELEASE.jar
   ]]></notes>
   <packageUrl regex="true">^pkg:maven/org\.springframework/spring\-web@.*$</packageUrl>
   <cve>CVE-2022-22950</cve>
</suppress>
<suppress>
   <notes><![CDATA[
   file name: spring-web-5.2.3.RELEASE.jar
   ]]></notes>
   <packageUrl regex="true">^pkg:maven/org\.springframework/spring\-web@.*$</packageUrl>
   <cve>CVE-2022-22971</cve>
</suppress>
<suppress>
   <notes><![CDATA[
   file name: spring-web-5.2.3.RELEASE.jar
   ]]></notes>
   <packageUrl regex="true">^pkg:maven/org\.springframework/spring\-web@.*$</packageUrl>
   <cve>CVE-2022-22968</cve>
</suppress>
<suppress>
   <notes><![CDATA[
   file name: spring-web-5.2.3.RELEASE.jar
   ]]></notes>
   <packageUrl regex="true">^pkg:maven/org\.springframework/spring\-web@.*$</packageUrl>
   <cve>CVE-2022-22970</cve>
</suppress>
<suppress>
   <notes><![CDATA[
   file name: spring-web-5.2.3.RELEASE.jar
   ]]></notes>
   <packageUrl regex="true">^pkg:maven/org\.springframework/spring\-web@.*$</packageUrl>
   <cve>CVE-2021-22060</cve>
</suppress>
<suppress>
   <notes><![CDATA[
   file name: spring-web-5.2.3.RELEASE.jar
   ]]></notes>
   <packageUrl regex="true">^pkg:maven/org\.springframework/spring\-web@.*$</packageUrl>
   <cve>CVE-2021-22096</cve>
</suppress>

<!--spring-webmvc-5.2.3.RELEASE.jar-->
<suppress>
   <notes><![CDATA[
   file name: spring-webmvc-5.2.3.RELEASE.jar
   ]]></notes>
   <packageUrl regex="true">^pkg:maven/org\.springframework/spring\-webmvc@.*$</packageUrl>
   <cpe>cpe:/a:pivotal_software:spring_framework</cpe>
</suppress>
<suppress>
   <notes><![CDATA[
   file name: spring-webmvc-5.2.3.RELEASE.jar
   ]]></notes>
   <packageUrl regex="true">^pkg:maven/org\.springframework/spring\-webmvc@.*$</packageUrl>
   <cpe>cpe:/a:springsource:spring_framework</cpe>
</suppress>
<suppress>
   <notes><![CDATA[
   file name: spring-webmvc-5.2.3.RELEASE.jar
   ]]></notes>
   <packageUrl regex="true">^pkg:maven/org\.springframework/spring\-webmvc@.*$</packageUrl>
   <cpe>cpe:/a:vmware:spring_framework</cpe>
</suppress>
<suppress>
   <notes><![CDATA[
   file name: spring-webmvc-5.2.3.RELEASE.jar
   ]]></notes>
   <packageUrl regex="true">^pkg:maven/org\.springframework/spring\-webmvc@.*$</packageUrl>
   <cpe>cpe:/a:web_project:web</cpe>
</suppress>
<suppress>
   <notes><![CDATA[
   file name: spring-webmvc-5.2.3.RELEASE.jar
   ]]></notes>
   <packageUrl regex="true">^pkg:maven/org\.springframework/spring\-webmvc@.*$</packageUrl>
   <cve>CVE-2022-22965</cve>
</suppress>
<suppress>
   <notes><![CDATA[
   file name: spring-webmvc-5.2.3.RELEASE.jar
   ]]></notes>
   <packageUrl regex="true">^pkg:maven/org\.springframework/spring\-webmvc@.*$</packageUrl>
   <cve>CVE-2021-22118</cve>
</suppress>
<suppress>
   <notes><![CDATA[
   file name: spring-webmvc-5.2.3.RELEASE.jar
   ]]></notes>
   <packageUrl regex="true">^pkg:maven/org\.springframework/spring\-webmvc@.*$</packageUrl>
   <cve>CVE-2020-5421</cve>
</suppress>
<suppress>
   <notes><![CDATA[
   file name: spring-webmvc-5.2.3.RELEASE.jar
   ]]></notes>
   <packageUrl regex="true">^pkg:maven/org\.springframework/spring\-webmvc@.*$</packageUrl>
   <cve>CVE-2022-22950</cve>
</suppress>
<suppress>
   <notes><![CDATA[
   file name: spring-webmvc-5.2.3.RELEASE.jar
   ]]></notes>
   <packageUrl regex="true">^pkg:maven/org\.springframework/spring\-webmvc@.*$</packageUrl>
   <cve>CVE-2022-22971</cve>
</suppress>
<suppress>
   <notes><![CDATA[
   file name: spring-webmvc-5.2.3.RELEASE.jar
   ]]></notes>
   <packageUrl regex="true">^pkg:maven/org\.springframework/spring\-webmvc@.*$</packageUrl>
   <cve>CVE-2022-22968</cve>
</suppress>
<suppress>
   <notes><![CDATA[
   file name: spring-webmvc-5.2.3.RELEASE.jar
   ]]></notes>
   <packageUrl regex="true">^pkg:maven/org\.springframework/spring\-webmvc@.*$</packageUrl>
   <cve>CVE-2022-22970</cve>
</suppress>
<suppress>
   <notes><![CDATA[
   file name: spring-webmvc-5.2.3.RELEASE.jar
   ]]></notes>
   <packageUrl regex="true">^pkg:maven/org\.springframework/spring\-webmvc@.*$</packageUrl>
   <cve>CVE-2021-22060</cve>
</suppress>
<suppress>
   <notes><![CDATA[
   file name: spring-webmvc-5.2.3.RELEASE.jar
   ]]></notes>
   <packageUrl regex="true">^pkg:maven/org\.springframework/spring\-webmvc@.*$</packageUrl>
   <cve>CVE-2021-22096</cve>
</suppress>

<!--tomcat-embed-core-9.0.30.jar-->
<suppress>
   <notes><![CDATA[
   file name: tomcat-embed-core-9.0.30.jar
   ]]></notes>
   <packageUrl regex="true">^pkg:maven/org\.apache\.tomcat\.embed/tomcat\-embed\-core@.*$</packageUrl>
   <cpe>cpe:/a:apache:tomcat</cpe>
</suppress>
<suppress>
   <notes><![CDATA[
   file name: tomcat-embed-core-9.0.30.jar
   ]]></notes>
   <packageUrl regex="true">^pkg:maven/org\.apache\.tomcat\.embed/tomcat\-embed\-core@.*$</packageUrl>
   <cpe>cpe:/a:apache_tomcat:apache_tomcat</cpe>
</suppress>
<suppress>
   <notes><![CDATA[
   file name: tomcat-embed-core-9.0.30.jar
   ]]></notes>
   <packageUrl regex="true">^pkg:maven/org\.apache\.tomcat\.embed/tomcat\-embed\-core@.*$</packageUrl>
   <cve>CVE-2020-1938</cve>
</suppress>
<suppress>
   <notes><![CDATA[
   file name: tomcat-embed-core-9.0.30.jar
   ]]></notes>
   <packageUrl regex="true">^pkg:maven/org\.apache\.tomcat\.embed/tomcat\-embed\-core@.*$</packageUrl>
   <cve>CVE-2020-11996</cve>
</suppress>
<suppress>
   <notes><![CDATA[
   file name: tomcat-embed-core-9.0.30.jar
   ]]></notes>
   <packageUrl regex="true">^pkg:maven/org\.apache\.tomcat\.embed/tomcat\-embed\-core@.*$</packageUrl>
   <cve>CVE-2020-13934</cve>
</suppress>
<suppress>
   <notes><![CDATA[
   file name: tomcat-embed-core-9.0.30.jar
   ]]></notes>
   <packageUrl regex="true">^pkg:maven/org\.apache\.tomcat\.embed/tomcat\-embed\-core@.*$</packageUrl>
   <cve>CVE-2020-13935</cve>
</suppress>
<suppress>
   <notes><![CDATA[
   file name: tomcat-embed-core-9.0.30.jar
   ]]></notes>
   <packageUrl regex="true">^pkg:maven/org\.apache\.tomcat\.embed/tomcat\-embed\-core@.*$</packageUrl>
   <cve>CVE-2020-17527</cve>
</suppress>
<suppress>
   <notes><![CDATA[
   file name: tomcat-embed-core-9.0.30.jar
   ]]></notes>
   <packageUrl regex="true">^pkg:maven/org\.apache\.tomcat\.embed/tomcat\-embed\-core@.*$</packageUrl>
   <cve>CVE-2021-25122</cve>
</suppress>
<suppress>
   <notes><![CDATA[
   file name: tomcat-embed-core-9.0.30.jar
   ]]></notes>
   <packageUrl regex="true">^pkg:maven/org\.apache\.tomcat\.embed/tomcat\-embed\-core@.*$</packageUrl>
   <cve>CVE-2021-41079</cve>
</suppress>
<suppress>
   <notes><![CDATA[
   file name: tomcat-embed-core-9.0.30.jar
   ]]></notes>
   <packageUrl regex="true">^pkg:maven/org\.apache\.tomcat\.embed/tomcat\-embed\-core@.*$</packageUrl>
   <cve>CVE-2022-29885</cve>
</suppress>
<suppress>
   <notes><![CDATA[
   file name: tomcat-embed-core-9.0.30.jar
   ]]></notes>
   <packageUrl regex="true">^pkg:maven/org\.apache\.tomcat\.embed/tomcat\-embed\-core@.*$</packageUrl>
   <cve>CVE-2022-42252</cve>
</suppress>
<suppress>
   <notes><![CDATA[
   file name: tomcat-embed-core-9.0.30.jar
   ]]></notes>
   <packageUrl regex="true">^pkg:maven/org\.apache\.tomcat\.embed/tomcat\-embed\-core@.*$</packageUrl>
   <cve>CVE-2020-9484</cve>
</suppress>
<suppress>
   <notes><![CDATA[
   file name: tomcat-embed-core-9.0.30.jar
   ]]></notes>
   <packageUrl regex="true">^pkg:maven/org\.apache\.tomcat\.embed/tomcat\-embed\-core@.*$</packageUrl>
   <cve>CVE-2021-25329</cve>
</suppress>
<suppress>
   <notes><![CDATA[
   file name: tomcat-embed-core-9.0.30.jar
   ]]></notes>
   <packageUrl regex="true">^pkg:maven/org\.apache\.tomcat\.embed/tomcat\-embed\-core@.*$</packageUrl>
   <cve>CVE-2021-30640</cve>
</suppress>
<suppress>
   <notes><![CDATA[
   file name: tomcat-embed-core-9.0.30.jar
   ]]></notes>
   <packageUrl regex="true">^pkg:maven/org\.apache\.tomcat\.embed/tomcat\-embed\-core@.*$</packageUrl>
   <cve>CVE-2022-34305</cve>
</suppress>
<suppress>
   <notes><![CDATA[
   file name: tomcat-embed-core-9.0.30.jar
   ]]></notes>
   <packageUrl regex="true">^pkg:maven/org\.apache\.tomcat\.embed/tomcat\-embed\-core@.*$</packageUrl>
   <cve>CVE-2021-24122</cve>
</suppress>
<suppress>
   <notes><![CDATA[
   file name: tomcat-embed-core-9.0.30.jar
   ]]></notes>
   <packageUrl regex="true">^pkg:maven/org\.apache\.tomcat\.embed/tomcat\-embed\-core@.*$</packageUrl>
   <cve>CVE-2021-33037</cve>
</suppress>
<suppress>
   <notes><![CDATA[
   file name: tomcat-embed-core-9.0.30.jar
   ]]></notes>
   <packageUrl regex="true">^pkg:maven/org\.apache\.tomcat\.embed/tomcat\-embed\-core@.*$</packageUrl>
   <cve>CVE-2019-17569</cve>
</suppress>
<suppress>
   <notes><![CDATA[
   file name: tomcat-embed-core-9.0.30.jar
   ]]></notes>
   <packageUrl regex="true">^pkg:maven/org\.apache\.tomcat\.embed/tomcat\-embed\-core@.*$</packageUrl>
   <cve>CVE-2020-1935</cve>
</suppress>
<suppress>
   <notes><![CDATA[
   file name: tomcat-embed-core-9.0.30.jar
   ]]></notes>
   <packageUrl regex="true">^pkg:maven/org\.apache\.tomcat\.embed/tomcat\-embed\-core@.*$</packageUrl>
   <cve>CVE-2020-13943</cve>
</suppress>
<suppress>
   <notes><![CDATA[
   file name: tomcat-embed-core-9.0.30.jar
   ]]></notes>
   <packageUrl regex="true">^pkg:maven/org\.apache\.tomcat\.embed/tomcat\-embed\-core@.*$</packageUrl>
   <cve>CVE-2021-43980</cve>
</suppress>

<!--tomcat-embed-websocket-9.0.30.jar-->
<suppress>
   <notes><![CDATA[
   file name: tomcat-embed-websocket-9.0.30.jar
   ]]></notes>
   <packageUrl regex="true">^pkg:maven/org\.apache\.tomcat\.embed/tomcat\-embed\-websocket@.*$</packageUrl>
   <cpe>cpe:/a:apache:tomcat</cpe>
</suppress>
<suppress>
   <notes><![CDATA[
   file name: tomcat-embed-websocket-9.0.30.jar
   ]]></notes>
   <packageUrl regex="true">^pkg:maven/org\.apache\.tomcat\.embed/tomcat\-embed\-websocket@.*$</packageUrl>
   <cpe>cpe:/a:apache_tomcat:apache_tomcat</cpe>
</suppress>
<suppress>
   <notes><![CDATA[
   file name: tomcat-embed-websocket-9.0.30.jar
   ]]></notes>
   <packageUrl regex="true">^pkg:maven/org\.apache\.tomcat\.embed/tomcat\-embed\-websocket@.*$</packageUrl>
   <cve>CVE-2020-1938</cve>
</suppress>
<suppress>
   <notes><![CDATA[
   file name: tomcat-embed-websocket-9.0.30.jar
   ]]></notes>
   <packageUrl regex="true">^pkg:maven/org\.apache\.tomcat\.embed/tomcat\-embed\-websocket@.*$</packageUrl>
   <cve>CVE-2020-8022</cve>
</suppress>
<suppress>
   <notes><![CDATA[
   file name: tomcat-embed-websocket-9.0.30.jar
   ]]></notes>
   <packageUrl regex="true">^pkg:maven/org\.apache\.tomcat\.embed/tomcat\-embed\-websocket@.*$</packageUrl>
   <cve>CVE-2020-11996</cve>
</suppress>
<suppress>
   <notes><![CDATA[
   file name: tomcat-embed-websocket-9.0.30.jar
   ]]></notes>
   <packageUrl regex="true">^pkg:maven/org\.apache\.tomcat\.embed/tomcat\-embed\-websocket@.*$</packageUrl>
   <cve>CVE-2020-13934</cve>
</suppress>
<suppress>
   <notes><![CDATA[
   file name: tomcat-embed-websocket-9.0.30.jar
   ]]></notes>
   <packageUrl regex="true">^pkg:maven/org\.apache\.tomcat\.embed/tomcat\-embed\-websocket@.*$</packageUrl>
   <cve>CVE-2020-13935</cve>
</suppress>
<suppress>
   <notes><![CDATA[
   file name: tomcat-embed-websocket-9.0.30.jar
   ]]></notes>
   <packageUrl regex="true">^pkg:maven/org\.apache\.tomcat\.embed/tomcat\-embed\-websocket@.*$</packageUrl>
   <cve>CVE-2020-17527</cve>
</suppress>
<suppress>
   <notes><![CDATA[
   file name: tomcat-embed-websocket-9.0.30.jar
   ]]></notes>
   <packageUrl regex="true">^pkg:maven/org\.apache\.tomcat\.embed/tomcat\-embed\-websocket@.*$</packageUrl>
   <cve>CVE-2021-25122</cve>
</suppress>
<suppress>
   <notes><![CDATA[
   file name: tomcat-embed-websocket-9.0.30.jar
   ]]></notes>
   <packageUrl regex="true">^pkg:maven/org\.apache\.tomcat\.embed/tomcat\-embed\-websocket@.*$</packageUrl>
   <cve>CVE-2021-41079</cve>
</suppress>
<suppress>
   <notes><![CDATA[
   file name: tomcat-embed-websocket-9.0.30.jar
   ]]></notes>
   <packageUrl regex="true">^pkg:maven/org\.apache\.tomcat\.embed/tomcat\-embed\-websocket@.*$</packageUrl>
   <cve>CVE-2022-29885</cve>
</suppress>
<suppress>
   <notes><![CDATA[
   file name: tomcat-embed-websocket-9.0.30.jar
   ]]></notes>
   <packageUrl regex="true">^pkg:maven/org\.apache\.tomcat\.embed/tomcat\-embed\-websocket@.*$</packageUrl>
   <cve>CVE-2022-42252</cve>
</suppress>
<suppress>
   <notes><![CDATA[
   file name: tomcat-embed-websocket-9.0.30.jar
   ]]></notes>
   <packageUrl regex="true">^pkg:maven/org\.apache\.tomcat\.embed/tomcat\-embed\-websocket@.*$</packageUrl>
   <cve>CVE-2020-9484</cve>
</suppress>
<suppress>
   <notes><![CDATA[
   file name: tomcat-embed-websocket-9.0.30.jar
   ]]></notes>
   <packageUrl regex="true">^pkg:maven/org\.apache\.tomcat\.embed/tomcat\-embed\-websocket@.*$</packageUrl>
   <cve>CVE-2021-25329</cve>
</suppress>
<suppress>
   <notes><![CDATA[
   file name: tomcat-embed-websocket-9.0.30.jar
   ]]></notes>
   <packageUrl regex="true">^pkg:maven/org\.apache\.tomcat\.embed/tomcat\-embed\-websocket@.*$</packageUrl>
   <cve>CVE-2021-30640</cve>
</suppress>
<suppress>
   <notes><![CDATA[
   file name: tomcat-embed-websocket-9.0.30.jar
   ]]></notes>
   <packageUrl regex="true">^pkg:maven/org\.apache\.tomcat\.embed/tomcat\-embed\-websocket@.*$</packageUrl>
   <cve>CVE-2022-34305</cve>
</suppress>
<suppress>
   <notes><![CDATA[
   file name: tomcat-embed-websocket-9.0.30.jar
   ]]></notes>
   <packageUrl regex="true">^pkg:maven/org\.apache\.tomcat\.embed/tomcat\-embed\-websocket@.*$</packageUrl>
   <cve>CVE-2021-24122</cve>
</suppress>
<suppress>
   <notes><![CDATA[
   file name: tomcat-embed-websocket-9.0.30.jar
   ]]></notes>
   <packageUrl regex="true">^pkg:maven/org\.apache\.tomcat\.embed/tomcat\-embed\-websocket@.*$</packageUrl>
   <cve>CVE-2021-33037</cve>
</suppress>
<suppress>
   <notes><![CDATA[
   file name: tomcat-embed-websocket-9.0.30.jar
   ]]></notes>
   <packageUrl regex="true">^pkg:maven/org\.apache\.tomcat\.embed/tomcat\-embed\-websocket@.*$</packageUrl>
   <cve>CVE-2019-17569</cve>
</suppress>
<suppress>
   <notes><![CDATA[
   file name: tomcat-embed-websocket-9.0.30.jar
   ]]></notes>
   <packageUrl regex="true">^pkg:maven/org\.apache\.tomcat\.embed/tomcat\-embed\-websocket@.*$</packageUrl>
   <cve>CVE-2020-1935</cve>
</suppress>
<suppress>
   <notes><![CDATA[
   file name: tomcat-embed-websocket-9.0.30.jar
   ]]></notes>
   <packageUrl regex="true">^pkg:maven/org\.apache\.tomcat\.embed/tomcat\-embed\-websocket@.*$</packageUrl>
   <cve>CVE-2020-13943</cve>
</suppress>
<suppress>
   <notes><![CDATA[
   file name: tomcat-embed-websocket-9.0.30.jar
   ]]></notes>
   <packageUrl regex="true">^pkg:maven/org\.apache\.tomcat\.embed/tomcat\-embed\-websocket@.*$</packageUrl>
   <cve>CVE-2021-43980</cve>
</suppress>

<!--spring-beans-5.2.3.RELEASE.jar-->
<suppress>
   <notes><![CDATA[
   file name: spring-beans-5.2.3.RELEASE.jar
   ]]></notes>
   <packageUrl regex="true">^pkg:maven/org\.springframework/spring\-beans@.*$</packageUrl>
   <cpe>cpe:/a:pivotal_software:spring_framework</cpe>
</suppress>
<suppress>
   <notes><![CDATA[
   file name: spring-beans-5.2.3.RELEASE.jar
   ]]></notes>
   <packageUrl regex="true">^pkg:maven/org\.springframework/spring\-beans@.*$</packageUrl>
   <cpe>cpe:/a:springsource:spring_framework</cpe>
</suppress>
<suppress>
   <notes><![CDATA[
   file name: spring-beans-5.2.3.RELEASE.jar
   ]]></notes>
   <packageUrl regex="true">^pkg:maven/org\.springframework/spring\-beans@.*$</packageUrl>
   <cpe>cpe:/a:vmware:spring_framework</cpe>
</suppress>
<suppress>
   <notes><![CDATA[
   file name: spring-beans-5.2.3.RELEASE.jar
   ]]></notes>
   <packageUrl regex="true">^pkg:maven/org\.springframework/spring\-beans@.*$</packageUrl>
   <cve>CVE-2022-22965</cve>
</suppress>
<suppress>
   <notes><![CDATA[
   file name: spring-beans-5.2.3.RELEASE.jar
   ]]></notes>
   <packageUrl regex="true">^pkg:maven/org\.springframework/spring\-beans@.*$</packageUrl>
   <cve>CVE-2021-22118</cve>
</suppress>
<suppress>
   <notes><![CDATA[
   file name: spring-beans-5.2.3.RELEASE.jar
   ]]></notes>
   <packageUrl regex="true">^pkg:maven/org\.springframework/spring\-beans@.*$</packageUrl>
   <cve>CVE-2020-5421</cve>
</suppress>
<suppress>
   <notes><![CDATA[
   file name: spring-beans-5.2.3.RELEASE.jar
   ]]></notes>
   <packageUrl regex="true">^pkg:maven/org\.springframework/spring\-beans@.*$</packageUrl>
   <cve>CVE-2022-22950</cve>
</suppress>
<suppress>
   <notes><![CDATA[
   file name: spring-beans-5.2.3.RELEASE.jar
   ]]></notes>
   <packageUrl regex="true">^pkg:maven/org\.springframework/spring\-beans@.*$</packageUrl>
   <cve>CVE-2022-22971</cve>
</suppress>
<suppress>
   <notes><![CDATA[
   file name: spring-beans-5.2.3.RELEASE.jar
   ]]></notes>
   <packageUrl regex="true">^pkg:maven/org\.springframework/spring\-beans@.*$</packageUrl>
   <cve>CVE-2022-22968</cve>
</suppress>
<suppress>
   <notes><![CDATA[
   file name: spring-beans-5.2.3.RELEASE.jar
   ]]></notes>
   <packageUrl regex="true">^pkg:maven/org\.springframework/spring\-beans@.*$</packageUrl>
   <cve>CVE-2022-22970</cve>
</suppress>
<suppress>
   <notes><![CDATA[
   file name: spring-beans-5.2.3.RELEASE.jar
   ]]></notes>
   <packageUrl regex="true">^pkg:maven/org\.springframework/spring\-beans@.*$</packageUrl>
   <cve>CVE-2021-22060</cve>
</suppress>
<suppress>
   <notes><![CDATA[
   file name: spring-beans-5.2.3.RELEASE.jar
   ]]></notes>
   <packageUrl regex="true">^pkg:maven/org\.springframework/spring\-beans@.*$</packageUrl>
   <cve>CVE-2021-22096</cve>
</suppress>

<!--spring-boot-autoconfigure-2.2.4.RELEASE.jar-->
<suppress>
   <notes><![CDATA[
   file name: spring-boot-autoconfigure-2.2.4.RELEASE.jar
   ]]></notes>
   <packageUrl regex="true">^pkg:maven/org\.springframework\.boot/spring\-boot\-autoconfigure@.*$</packageUrl>
   <cpe>cpe:/a:vmware:spring_boot</cpe>
</suppress>
<suppress>
   <notes><![CDATA[
   file name: spring-boot-autoconfigure-2.2.4.RELEASE.jar
   ]]></notes>
   <packageUrl regex="true">^pkg:maven/org\.springframework\.boot/spring\-boot\-autoconfigure@.*$</packageUrl>
   <cve>CVE-2022-27772</cve>
</suppress>

<!--spring-boot-starter-tomcat-2.2.4.RELEASE.jar-->
<suppress>
   <notes><![CDATA[
   file name: spring-boot-starter-tomcat-2.2.4.RELEASE.jar
   ]]></notes>
   <packageUrl regex="true">^pkg:maven/org\.springframework\.boot/spring\-boot\-starter\-tomcat@.*$</packageUrl>
   <cpe>cpe:/a:vmware:spring_boot</cpe>
</suppress>
<suppress>
   <notes><![CDATA[
   file name: spring-boot-starter-tomcat-2.2.4.RELEASE.jar
   ]]></notes>
   <packageUrl regex="true">^pkg:maven/org\.springframework\.boot/spring\-boot\-starter\-tomcat@.*$</packageUrl>
   <cve>CVE-2022-27772</cve>
</suppress>

<!--spring-context-5.2.3.RELEASE.jar-->
<suppress>
   <notes><![CDATA[
   file name: spring-context-5.2.3.RELEASE.jar
   ]]></notes>
   <packageUrl regex="true">^pkg:maven/org\.springframework/spring\-context@.*$</packageUrl>
   <cpe>cpe:/a:pivotal_software:spring_framework</cpe>
</suppress>
<suppress>
   <notes><![CDATA[
   file name: spring-context-5.2.3.RELEASE.jar
   ]]></notes>
   <packageUrl regex="true">^pkg:maven/org\.springframework/spring\-context@.*$</packageUrl>
   <cpe>cpe:/a:springsource:spring_framework</cpe>
</suppress>
<suppress>
   <notes><![CDATA[
   file name: spring-context-5.2.3.RELEASE.jar
   ]]></notes>
   <packageUrl regex="true">^pkg:maven/org\.springframework/spring\-context@.*$</packageUrl>
   <cpe>cpe:/a:vmware:spring_framework</cpe>
</suppress>
<suppress>
   <notes><![CDATA[
   file name: spring-context-5.2.3.RELEASE.jar
   ]]></notes>
   <packageUrl regex="true">^pkg:maven/org\.springframework/spring\-context@.*$</packageUrl>
   <cve>CVE-2022-22965</cve>
</suppress>
<suppress>
   <notes><![CDATA[
   file name: spring-context-5.2.3.RELEASE.jar
   ]]></notes>
   <packageUrl regex="true">^pkg:maven/org\.springframework/spring\-context@.*$</packageUrl>
   <cve>CVE-2021-22118</cve>
</suppress>
<suppress>
   <notes><![CDATA[
   file name: spring-context-5.2.3.RELEASE.jar
   ]]></notes>
   <packageUrl regex="true">^pkg:maven/org\.springframework/spring\-context@.*$</packageUrl>
   <cve>CVE-2020-5421</cve>
</suppress>
<suppress>
   <notes><![CDATA[
   file name: spring-context-5.2.3.RELEASE.jar
   ]]></notes>
   <packageUrl regex="true">^pkg:maven/org\.springframework/spring\-context@.*$</packageUrl>
   <cve>CVE-2022-22950</cve>
</suppress>
<suppress>
   <notes><![CDATA[
   file name: spring-context-5.2.3.RELEASE.jar
   ]]></notes>
   <packageUrl regex="true">^pkg:maven/org\.springframework/spring\-context@.*$</packageUrl>
   <cve>CVE-2022-22971</cve>
</suppress>
<suppress>
   <notes><![CDATA[
   file name: spring-context-5.2.3.RELEASE.jar
   ]]></notes>
   <packageUrl regex="true">^pkg:maven/org\.springframework/spring\-context@.*$</packageUrl>
   <cve>CVE-2022-22968</cve>
</suppress>
<suppress>
   <notes><![CDATA[
   file name: spring-context-5.2.3.RELEASE.jar
   ]]></notes>
   <packageUrl regex="true">^pkg:maven/org\.springframework/spring\-context@.*$</packageUrl>
   <cve>CVE-2022-22970</cve>
</suppress>
<suppress>
   <notes><![CDATA[
   file name: spring-context-5.2.3.RELEASE.jar
   ]]></notes>
   <packageUrl regex="true">^pkg:maven/org\.springframework/spring\-context@.*$</packageUrl>
   <cve>CVE-2021-22060</cve>
</suppress>
<suppress>
   <notes><![CDATA[
   file name: spring-context-5.2.3.RELEASE.jar
   ]]></notes>
   <packageUrl regex="true">^pkg:maven/org\.springframework/spring\-context@.*$</packageUrl>
   <cve>CVE-2021-22096</cve>
</suppress>

<!--spring-boot-starter-logging-2.2.4.RELEASE.jar-->
<suppress>
   <notes><![CDATA[
   file name: spring-boot-starter-logging-2.2.4.RELEASE.jar
   ]]></notes>
   <packageUrl regex="true">^pkg:maven/org\.springframework\.boot/spring\-boot\-starter\-logging@.*$</packageUrl>
   <cpe>cpe:/a:vmware:spring_boot</cpe>
</suppress>
<suppress>
   <notes><![CDATA[
   file name: spring-boot-starter-logging-2.2.4.RELEASE.jar
   ]]></notes>
   <packageUrl regex="true">^pkg:maven/org\.springframework\.boot/spring\-boot\-starter\-logging@.*$</packageUrl>
   <cve>CVE-2022-27772</cve>
</suppress>

<!--spring-expression-5.2.3.RELEASE.jar-->
<suppress>
   <notes><![CDATA[
   file name: spring-expression-5.2.3.RELEASE.jar
   ]]></notes>
   <packageUrl regex="true">^pkg:maven/org\.springframework/spring\-expression@.*$</packageUrl>
   <cpe>cpe:/a:pivotal_software:spring_framework</cpe>
</suppress>
<suppress>
   <notes><![CDATA[
   file name: spring-expression-5.2.3.RELEASE.jar
   ]]></notes>
   <packageUrl regex="true">^pkg:maven/org\.springframework/spring\-expression@.*$</packageUrl>
   <cpe>cpe:/a:springsource:spring_framework</cpe>
</suppress>
<suppress>
   <notes><![CDATA[
   file name: spring-expression-5.2.3.RELEASE.jar
   ]]></notes>
   <packageUrl regex="true">^pkg:maven/org\.springframework/spring\-expression@.*$</packageUrl>
   <cpe>cpe:/a:vmware:spring_framework</cpe>
</suppress>
<suppress>
   <notes><![CDATA[
   file name: spring-expression-5.2.3.RELEASE.jar
   ]]></notes>
   <packageUrl regex="true">^pkg:maven/org\.springframework/spring\-expression@.*$</packageUrl>
   <cve>CVE-2022-22965</cve>
</suppress>
<suppress>
   <notes><![CDATA[
   file name: spring-expression-5.2.3.RELEASE.jar
   ]]></notes>
   <packageUrl regex="true">^pkg:maven/org\.springframework/spring\-expression@.*$</packageUrl>
   <cve>CVE-2021-22118</cve>
</suppress>
<suppress>
   <notes><![CDATA[
   file name: spring-expression-5.2.3.RELEASE.jar
   ]]></notes>
   <packageUrl regex="true">^pkg:maven/org\.springframework/spring\-expression@.*$</packageUrl>
   <cve>CVE-2020-5421</cve>
</suppress>
<suppress>
   <notes><![CDATA[
   file name: spring-expression-5.2.3.RELEASE.jar
   ]]></notes>
   <packageUrl regex="true">^pkg:maven/org\.springframework/spring\-expression@.*$</packageUrl>
   <cve>CVE-2022-22950</cve>
</suppress>
<suppress>
   <notes><![CDATA[
   file name: spring-expression-5.2.3.RELEASE.jar
   ]]></notes>
   <packageUrl regex="true">^pkg:maven/org\.springframework/spring\-expression@.*$</packageUrl>
   <cve>CVE-2022-22971</cve>
</suppress>
<suppress>
   <notes><![CDATA[
   file name: spring-expression-5.2.3.RELEASE.jar
   ]]></notes>
   <packageUrl regex="true">^pkg:maven/org\.springframework/spring\-expression@.*$</packageUrl>
   <cve>CVE-2022-22968</cve>
</suppress>
<suppress>
   <notes><![CDATA[
   file name: spring-expression-5.2.3.RELEASE.jar
   ]]></notes>
   <packageUrl regex="true">^pkg:maven/org\.springframework/spring\-expression@.*$</packageUrl>
   <cve>CVE-2022-22970</cve>
</suppress>
<suppress>
   <notes><![CDATA[
   file name: spring-expression-5.2.3.RELEASE.jar
   ]]></notes>
   <packageUrl regex="true">^pkg:maven/org\.springframework/spring\-expression@.*$</packageUrl>
   <cve>CVE-2021-22060</cve>
</suppress>
<suppress>
   <notes><![CDATA[
   file name: spring-expression-5.2.3.RELEASE.jar
   ]]></notes>
   <packageUrl regex="true">^pkg:maven/org\.springframework/spring\-expression@.*$</packageUrl>
   <cve>CVE-2021-22096</cve>
</suppress>

<!--spring-boot-starter-validation-2.2.4.RELEASE.jar-->
<suppress>
   <notes><![CDATA[
   file name: spring-boot-starter-validation-2.2.4.RELEASE.jar
   ]]></notes>
   <packageUrl regex="true">^pkg:maven/org\.springframework\.boot/spring\-boot\-starter\-validation@.*$</packageUrl>
   <cpe>cpe:/a:vmware:spring_boot</cpe>
</suppress>
<suppress>
   <notes><![CDATA[
   file name: spring-boot-starter-validation-2.2.4.RELEASE.jar
   ]]></notes>
   <packageUrl regex="true">^pkg:maven/org\.springframework\.boot/spring\-boot\-starter\-validation@.*$</packageUrl>
   <cve>CVE-2022-27772</cve>
</suppress>
</suppressions>